title,author,isbn,available
Already heavy.,Amanda Stewart,978-0-7781-7455-4,False
Option happy build.,Todd Morse,978-0-330-75917-5,True
Material summer product step.,John Murphy,978-0-14-126785-2,True
Both these.,Lucas Mccoy,978-1-278-61504-2,True
Wind pattern pattern.,Cody Sanchez,978-1-66358-622-3,True
Month develop.,Tammy Jackson,978-0-318-90969-1,True
About.,Jennifer Deleon,978-0-9535848-3-3,True
Young simple water.,Isaac Randall,978-1-06-610732-2,True
Answer tonight area.,Cynthia Martin,978-1-903120-41-5,True
Surface themselves common.,Jessica Allen,978-1-7371043-0-8,False
Beautiful sport camera.,David Small,978-1-108-86977-5,True
Fast model walk.,Robert Burton,978-0-14-225812-5,False
Door open smile.,Jeffery Reyes,978-0-7830-1271-1,True
Include and.,Nicholas Taylor,978-0-225-12035-6,True
Fine operation.,Jessica Perkins,978-0-86966-756-9,True
Laugh notice bill.,Candice Gonzalez,978-0-212-96638-7,True
Just understand under.,Christopher Durham,978-0-251-14339-8,True
Daughter long movie.,Angela Boyle,978-1-59602-334-5,True
Interesting question general.,Billy Gilmore,978-0-86646-221-1,False
Middle continue minute door.,Mary Barnes,978-0-87156-346-0,False
Character me any.,Robin Johnson,978-0-8422-2356-0,False
Cover poor support.,Crystal Edwards,978-0-7749-0870-2,False
Response development sense.,Rachel Cox,978-0-363-15691-0,False
Certainly mean.,Christopher Stevens,978-1-123-57965-9,True
Whether player.,Donald Mckay,978-0-224-83995-2,False
Still join them.,Dr. Brenda Lynn,978-1-9815-7866-5,False
Total.,Donald Noble,978-0-16-138962-6,False
Guess born.,Mrs. Michelle Morgan,978-1-07-225972-5,False
Issue.,Andrew Scott,978-1-57413-368-4,False
Whom measure far.,Zachary Evans,978-0-9743024-2-3,True
Way power detail.,Kimberly Jimenez,978-1-63500-165-5,False
Whatever door.,Tamara Santos,978-1-7385163-3-9,False
Them nor.,Carrie Villarreal,978-1-7392081-0-3,True
Of church.,Denise Thomas,978-0-19-487388-8,True
Decide approach pass.,Bryan Smith,978-1-328-06195-9,False
Leave man church.,Linda Potter,978-0-287-58994-8,True
Data research.,Christine Williams,978-0-346-20580-2,False
Base society well knowledge.,Amy Marshall,978-0-245-64908-0,True
Than majority difference.,Adam Harris,978-1-65643-565-1,True
Read because.,Ashley Gomez,978-1-915306-27-2,True
From rule.,Jennifer Downs,978-1-888956-24-5,True
Poor lose.,Austin Freeman,978-1-62286-980-0,False
Should smile maintain.,Sonya Torres,978-1-4716-5658-3,False
Win.,Kathy Evans,978-0-928654-83-7,True
Wrong only.,Christopher Castro,978-0-11-631292-1,True
Back too.,Edward Stevens,978-1-4605-1190-9,False
Which response.,Jerry Gross,978-0-342-45990-2,False
Enjoy prepare current.,Jason Lewis,978-0-11-898056-2,False
Born truth meeting.,Alexandra Sullivan,978-1-78826-756-4,True
Morning book later.,Patrick Davis,978-0-7156-8860-1,True
Risk effort ball.,Louis Hardin,978-0-7680-2887-4,True
Plant.,Karen Conner,978-1-388-00277-0,False
Sometimes.,Melissa Schroeder,978-1-03-927435-8,False
Simply.,Philip Smith,978-0-595-09275-8,False
List.,Joanna Farmer DVM,978-1-4759-3339-0,True
Involve doctor range house.,Michael Morton,978-0-03-642174-1,True
Card outside ten next.,Matthew Rodriguez,978-0-697-00248-8,True
Billion decide.,Jessica Knapp,978-1-167-11257-7,True
Main work.,Ann Phillips,978-1-67024-153-5,False
Measure compare sound.,Ryan Hess,978-0-922542-83-3,True
Politics realize.,Marvin Smith,978-0-343-10759-8,True
Exactly list sort.,Melissa Mitchell,978-1-58352-390-2,False
Huge claim single reduce.,Casey Hernandez,978-1-372-21277-2,True
Pm personal toward.,Charlene Flynn,978-1-74956-367-4,True
Down involve.,James Williamson,978-1-77259-060-9,False
Series list increase.,Wendy Kennedy,978-0-266-42537-3,False
News offer.,Kathleen Schmitt,978-0-689-81966-7,True
Learn still out catch.,Joshua Porter,978-0-11-311843-4,False
Method later.,Brian Mendez,978-0-87290-859-8,False
Physical wish state.,Charles Edwards,978-1-151-69058-6,True
Card different summer.,Pamela Mullins,978-1-4984-7638-6,False
Day number.,Christopher Vance,978-1-07-226020-2,False
Try size risk.,Mrs. Maria Sampson,978-1-55033-978-9,False
That skin.,Mathew Wiggins,978-0-18-212148-9,True
Use health inside.,Rachel Rodriguez,978-0-86624-616-3,False
Relate letter create.,Austin Young,978-0-09-573148-5,False
Organization cover several.,Chelsea Wright,978-1-351-46029-3,False
Central time.,Amanda Blackburn,978-1-291-50568-9,True
Hot page wonder.,Dustin Castillo,978-0-626-95418-5,False
Role carry decade purpose.,Brian Jensen,978-0-573-05849-3,True
Heart case foreign Democrat.,Ray Summers,978-0-647-49035-8,True
Information show million.,Heather Steele,978-1-69078-085-4,False
Shake partner offer fund.,Heidi Nelson,978-0-318-19513-1,True
Anyone model body.,Gregory Sanchez,978-0-579-37681-2,False
Food quality nor.,Jennifer Thomas,978-1-4549-1151-7,True
Buy perform difficult.,Howard Conner,978-0-11-668045-7,False
Fine serious.,Lisa Jones,978-0-7344-3253-7,False
Box.,Laura Griffin,978-1-02-469957-9,False
Full voice.,Ashley Wilson,978-0-16-572373-0,False
Now size operation.,Adam Jenkins,978-0-87801-665-5,False
Garden although.,Natasha Harrison,978-1-118-37127-5,True
Magazine some painting.,Kelly Hawkins,978-0-342-24173-6,False
Talk law.,Casey Guerra,978-0-87509-468-7,True
View their ask.,Jacob Wright,978-1-295-93836-0,True
Through none try.,Troy Salazar,978-1-116-38866-4,True
Fly each.,Jennifer Johnson,978-1-56124-990-9,True
Miss each yes.,Nathan Hubbard,978-0-7360-1805-0,True
Worker.,Brandon Smith,978-1-914104-35-0,True
Question program forward.,Nicholas Burch,978-0-555-37628-7,False
Travel wife whole.,Shelby Daniel,978-0-699-36150-7,True
Democratic budget.,Patricia Richards,978-1-184-15663-9,False
Along seek.,Daniel Boone,978-0-435-97672-9,True
Director behavior each heart.,Kimberly Sexton,978-1-363-93526-0,True
Growth hand cultural.,Joel Peters,978-1-356-63901-4,True
Building language.,Lawrence Adams,978-1-4416-8696-1,True
Begin clear use.,Tina James,978-1-122-35961-0,True
American ask.,Jessica Holmes,978-0-11-011903-8,False
Last difficult support.,Julie Hansen,978-0-493-17266-8,False
We risk.,Ronald Durham,978-1-235-81773-1,False
Science leader.,Sherri Cooper,978-0-13-707977-3,True
None whether.,Todd Atkins,978-1-151-55938-8,True
Election camera.,Shelia Blake,978-0-564-14616-1,False
Language west.,Raymond Clark,978-0-575-95198-3,False
Parent.,Robert Rodriguez,978-0-615-99492-5,True
Pretty yeah subject ability.,Kyle Graham,978-0-8139-6920-6,False
Sell usually year.,Kiara Gutierrez,978-1-5376-2633-8,True
Bring yourself.,Hunter Stephens,978-1-226-16989-4,False
Marriage discuss worry.,Nathan Wilson,978-1-78939-533-4,False
Civil box.,William Duarte,978-0-00-912485-3,True
Trouble.,Katrina Jenkins,978-0-548-36300-3,True
Game energy so.,Heidi Lopez,978-0-582-75028-9,True
Hour he relate.,Peter Lewis,978-0-254-29598-8,False
Yard poor accept.,Morgan Byrd,978-1-70609-094-6,False
Policy myself anything.,Pamela Garcia,978-0-359-73702-4,True
Work camera.,Samantha Duran,978-1-08-788820-0,True
Write cut cost official.,Maria Blanchard,978-1-85791-096-4,True
Sport inside offer.,Michael Lopez,978-0-524-17166-0,False
Keep various heavy.,Joseph Harrison,978-0-11-313492-2,False
Television police.,Amy Gonzalez,978-1-79166-009-3,True
Care scientist air.,Michael Cherry,978-0-204-01838-4,False
Life enter thousand.,Joseph Long,978-0-921557-12-8,True
Finally police.,John Faulkner,978-0-8208-7871-3,False
Establish.,Stephanie Fuentes,978-1-386-32219-1,True
As care idea.,Michael Davenport,978-0-19-155675-3,True
Carry.,Michael Porter,978-0-375-23669-3,True
Water.,Mr. Derrick Greene DVM,978-1-260-19747-1,True
Bill those.,Jennifer Walters,978-1-82875-631-7,True
Television different.,Vincent Reed,978-0-7141-4082-7,False
Arm wind fund.,Tammy Cox,978-0-693-62215-4,True
Reveal discover owner.,Lonnie Jenkins,978-1-00-844615-1,True
Much heavy who president.,Melissa Jensen,978-1-4837-6719-2,False
She likely.,Marcia Meza,978-0-367-32718-7,False
Toward kid common.,Kimberly Craig,978-0-230-65946-9,True
Check fly reflect.,Ronald Reed,978-1-243-53932-8,True
Decision class.,Derek Hanson,978-0-914805-72-4,False
Keep adult.,Alexandra Holt,978-1-76336-297-0,True
Goal poor.,Matthew Le,978-1-75342-791-7,True
Difficult bed past.,Allen Brown,978-1-05-265875-3,False
Quite create.,Jonathan Fleming,978-1-996477-34-2,True
Book into world.,Tara Roberts,978-1-05-795803-2,False
Group something.,Susan Malone,978-0-15-279831-4,False
Movement our baby provide.,Tammy Garcia,978-0-568-51917-6,True
Thank economic.,Tyler Taylor,978-0-588-95271-7,False
Indicate staff teach for.,William Crane,978-1-69568-510-9,False
No option.,Tammy Hood,978-1-68516-395-2,False
Policy probably.,Caleb Anderson,978-1-75674-216-1,False
Herself reason believe.,Brandon Garrison,978-0-348-27023-5,True
Eat seven upon rather.,Traci Smith,978-1-01-416489-6,False
Task lot involve.,Dawn Foster,978-1-5313-6513-4,True
Allow house.,Mitchell Daniel,978-0-9590001-5-3,True
Section claim prepare.,Eric Hughes,978-1-151-02239-4,True
Former trouble tell.,Joel Rivera,978-0-410-58304-1,False
Last form.,Mark Campbell,978-1-106-63688-1,True
Again professional.,Meredith Robinson,978-1-84423-165-2,False
Occur political.,Karen Lewis,978-0-921772-10-1,False
Who.,Vanessa Rios,978-1-874007-49-4,True
Detail light effect.,Judy Nelson,978-1-78898-372-3,False
Sport million.,Anthony Rivera,978-1-85782-551-0,True
Need practice.,Cindy Barnes,978-1-160-11595-7,True
Statement hold guess.,Brittany Kramer,978-0-7957-4511-9,True
Close husband seat.,Jennifer Ferguson,978-1-885293-96-1,True
Allow time daughter.,Matthew Jones,978-0-909593-88-9,True
Oil live enter.,Todd Roach,978-0-15-371255-5,False
Reality rise hard.,Sarah Sullivan,978-0-88445-300-0,True
Medical such quality car.,Zachary Jackson,978-1-04-293768-4,True
Forward change determine.,Jared Miles,978-0-464-01869-8,True
Cell.,Mr. Robert Bush,978-1-112-59572-1,True
Event theory.,Misty Smith,978-0-546-18034-3,False
Treatment beautiful suddenly.,Lauren Martinez,978-1-899743-50-6,False
Month job less.,James Mejia,978-1-08-879388-6,False
Fall music even.,Dr. Christopher Sandoval,978-0-01-284300-0,True
Audience pattern.,Jerry Trujillo,978-0-9587553-5-1,True
Parent general.,Terry Richards,978-1-78696-674-2,False
Him argue.,Robert Guzman,978-0-260-41090-0,True
Collection maintain three herself.,Melissa Oneill,978-1-295-16401-1,True
Property prevent day.,Lori Murphy,978-1-67136-148-5,True
Kitchen world very.,Shawn Brady,978-1-289-01814-6,True
Enough these.,Rachel Diaz,978-0-546-22723-9,False
Rest six.,Alexis Sanchez,978-0-7258-6740-9,True
Budget common talk friend.,Ariana Graves,978-0-08-394085-1,False
Bed during.,Ronald Gibson,978-0-9990270-0-4,True
Do surface still.,Manuel Garcia,978-1-07-271911-3,True
List growth.,Brian Hobbs,978-1-241-64474-1,True
There matter.,Sara Curtis,978-1-119-61658-0,False
Alone sound above.,Anna Hooper,978-0-666-95736-8,False
Land want box director.,George Smith,978-0-925048-01-1,True
Spend appear.,Samuel Simmons,978-0-8219-0551-7,False
Feel exactly.,Jason Williams,978-1-00-183997-4,True
Either a just.,Jason Cox,978-0-650-81506-3,False
She interest.,Adrian Long,978-1-70653-867-7,False
Central.,Scott Welch,978-0-8246-6746-7,False
Player leader.,Arthur Hamilton,978-0-468-82239-0,True
Draw speech.,Kenneth Murphy,978-1-69933-770-7,True
World watch beyond parent.,Matthew Durham,978-1-137-48956-2,True
Receive black marriage.,Katherine Porter,978-0-8365-0410-1,True
Available example push.,Alexander Young,978-1-00-318508-6,False
Able official exist low.,Sarah Khan,978-0-19-716530-0,False
Option growth work.,Jennifer Hanson,978-0-87771-542-9,False
Young reach.,Jordan Willis,978-0-10-922390-6,True
Identify movie.,David Ritter,978-1-61118-668-0,True
Authority relationship simple.,Daniel Douglas,978-0-633-44940-7,False
Remember outside.,Emma Mathews,978-1-121-51566-6,True
List herself.,Troy Mccormick,978-1-181-09077-6,True
Discuss up sport.,Jennifer Ferguson,978-1-285-87830-0,True
Discover so.,David King,978-0-7289-9039-5,False
Agent view.,Mr. William Powell,978-1-146-33813-4,True
Nor interview.,William Johnson,978-1-7341420-8-2,False
Throw anyone.,Caitlin Davis,978-1-106-72416-8,True
Sound perform result.,Beverly Rivera,978-1-4121-5868-8,True
Respond.,Kathleen Ritter,978-0-00-534850-5,False
Radio effect much.,Christopher Gomez,978-0-89115-298-9,False
Common pretty.,Johnny Wilson,978-1-966099-22-2,True
Second once.,Melanie Brock,978-1-59367-354-3,True
Change model.,Jesus Fisher,978-1-4542-5689-2,False
Number fall system more.,Jason Underwood,978-1-65626-385-8,True
Six chance never.,Marc Landry,978-1-5363-4574-2,True
Administration yeah.,Dean Donaldson,978-1-85689-856-0,True
Third should seem.,Miguel Rodriguez,978-0-480-97005-5,False
Suffer home.,Elizabeth Sanders,978-1-178-91601-0,True
Attention property.,Michael Kaiser,978-0-525-20895-2,True
Think nothing two.,Christopher Bishop,978-1-4953-3110-7,False
Education carry.,Pam Palmer,978-1-364-42213-4,True
Activity.,Jenna Frye,978-1-947441-43-9,True
Be reason.,Heidi Pierce,978-0-88850-234-6,False
Under.,Spencer Hill,978-0-7940-1340-0,True
Throughout theory big.,Toni Jackson,978-0-654-63286-4,True
Collection day budget.,Kelly Willis,978-0-19-736320-1,True
According opportunity war may.,Alyssa Thomas,978-0-9573826-5-7,False
Apply like.,Anthony Cameron MD,978-1-128-33286-0,True
Throw no.,Ryan Taylor,978-0-9685712-2-4,False
Good minute.,Amanda Brewer,978-1-363-46373-2,False
Husband begin sell.,Kristina Carroll,978-1-362-99350-6,False
Seat this activity.,Stephen Robles,978-0-9728138-2-2,False
Ten lose.,Howard Cooley,978-0-232-54953-9,True
Author determine.,Robert Kaufman,978-1-05-269571-0,False
Southern your wall.,Sarah Sanchez,978-0-258-17678-8,True
Seek air away.,Laura Norton,978-0-7230-3097-3,False
Himself agree respond.,Nicole Noble,978-0-86785-293-6,False
Quickly reach.,Diana Duran,978-1-74174-615-0,False
Boy likely open.,Brian Mullins,978-1-161-85069-7,True
Truth fly certainly.,Brooke Smith,978-1-66699-738-5,False
Whatever bag.,Ariel Flowers,978-1-4822-0989-1,False
Better prove.,Krista Melendez,978-1-149-37161-9,False
Production.,Heather Jarvis,978-1-4720-5315-2,False
Myself decade beat.,Christopher Harris,978-0-7060-9375-9,True
Guy history player without.,William Freeman,978-1-949397-06-2,True
Development stay.,Jennifer Shannon,978-0-02-324583-1,False
Sure voice short.,Eugene Santiago,978-1-4148-8188-1,False
Others trip memory.,John Brown,978-1-60674-122-1,False
Mr woman.,Robert Evans,978-1-69284-211-6,False
Event.,Shaun Rodriguez,978-0-89639-884-9,True
Ready movement politics upon.,Sarah Baker,978-0-693-33887-1,True
Game field.,Chelsea Moran,978-0-565-39457-8,True
Kitchen group gas.,Darrell Hill,978-1-82202-318-7,True
All manager.,Eric Martinez,978-1-960239-29-7,True
Just tell per painting.,Catherine Snow,978-1-09-582093-3,True
Idea of.,Gary Jones,978-1-80618-267-1,False
Meet science office.,David Peterson,978-1-246-54648-4,False
Blood follow.,Sharon Hall,978-0-9972977-6-8,True
Through conference.,Charles Lopez,978-1-5394-5212-6,True
World table.,Carlos Castaneda,978-0-675-23441-2,True
Around we.,Donald Andrews,978-1-392-08526-4,True
Ten also foot.,Kathleen Flynn,978-1-01-311124-2,False
Argue defense.,Abigail Williams,978-1-82740-674-9,True
Real PM.,Mark Estrada,978-0-7819-1401-7,False
Act design.,Ryan Snow,978-0-15-307392-2,True
Participant few.,Tina Leach,978-1-938203-83-1,False
Develop easy.,Heather Watson,978-1-941263-20-4,False
There argue computer.,Stacey Carr,978-1-339-59201-5,False
Any consider.,James Wilkerson,978-1-73133-528-9,True
Across while.,Olivia Schaefer,978-0-903848-84-8,False
Scene though crime within.,Nicole Brown,978-1-03-534933-3,True
Growth collection significant.,Nathan Guzman,978-1-912179-09-1,True
Family lay.,Randall Acosta,978-1-351-86927-0,True
Its firm.,Dennis Keller,978-0-509-36701-9,False
College.,Joshua Flores,978-0-501-25006-7,False
Concern yes.,Alexis Hunter,978-0-568-20801-8,True
Take describe test.,Timothy Cain,978-0-7361-5147-4,True
Even identify.,Sandy Gibson,978-0-7554-9631-0,True
Court it.,Danny Perez,978-0-593-39217-1,False
According southern.,Brian Powell,978-1-55456-142-1,True
War treat.,William Ross,978-1-67122-875-7,False
Everyone smile power.,Emily Marshall,978-1-76769-061-1,True
Toward walk traditional.,Connie Cruz,978-0-7272-8777-9,False
Way especially.,Sean Jarvis,978-0-398-99029-9,False
My red real.,Donna Maldonado,978-0-13-721590-4,False
Realize in.,Nicholas Jones,978-0-7351-7266-1,True
Despite rate.,Andrew Garcia,978-1-04-738255-7,False
Eight many total.,Matthew Keller,978-1-5343-2279-0,True
Also wind center.,Peter Evans,978-0-8122-0380-6,True
Range itself.,Austin Lopez,978-1-917287-03-6,False
Him arm south.,Jane Hogan,978-0-444-44162-1,False
Population between.,Michael Maldonado,978-0-85874-053-2,False
Compare cold allow thought.,Deanna Brown,978-0-405-13146-2,False
About would.,Thomas Herrera,978-0-7160-5340-8,True
Hotel everyone ten young.,Brandy Rios,978-0-286-30071-1,False
Else him.,Evan Robinson,978-0-07-946606-8,False
His laugh energy use.,Scott Salinas,978-1-223-90671-3,False
City.,Wanda Farley,978-1-4960-3346-8,True
Beyond.,Courtney Le,978-0-605-86287-6,True
Factor individual walk.,Christina Collins,978-1-880865-05-7,False
Quickly analysis husband.,Maria Rivera,978-1-257-36006-2,True
Fill news approach.,Marco Callahan,978-0-255-30529-7,False
Certain rate support.,Theresa Mcdaniel,978-1-294-05131-2,True
Ago series win.,Howard Peterson,978-1-76210-209-6,True
Less direction.,Matthew Lloyd,978-0-429-59690-2,True
Under machine be.,William Carrillo,978-0-206-00572-6,False
Structure sure born.,Charles Gomez,978-1-299-40325-3,True
Case enough source.,Julian Goodman,978-0-203-07537-1,False
Instead wind generation.,William Watson,978-1-992121-08-9,True
Seek through several operation.,Carlos Reid,978-0-7592-9458-5,False
Fight.,James Sweeney,978-1-4131-3542-8,True
Answer.,Joseph Gonzales,978-1-4269-5361-3,False
Occur north window.,Amanda Figueroa,978-0-7588-7954-7,True
Serve choice.,John Estrada,978-0-8452-6176-7,True
Course population.,Richard Brown,978-0-444-23263-2,True
Professor start kid however.,Nicholas Collins,978-0-461-81352-4,True
Far letter always.,Deborah Howard,978-0-7147-9313-9,False
Teach newspaper.,Janice Perez,978-0-374-99873-8,False
Among term.,Christopher Lopez MD,978-0-925818-08-9,False
Against individual hard.,Michael Savage,978-0-505-97810-3,True
Include court wait.,Logan Key,978-1-4853-4850-4,True
Technology production maintain.,Amanda Turner,978-1-83603-174-1,True
Culture thousand at.,Christine Brown,978-1-4818-0690-9,True
You wrong.,Troy Hunt,978-0-7235-7827-7,False
Movie political consider.,Kathryn Smith,978-1-5001-0770-3,False
Institution once much.,Dustin Reese,978-1-63146-581-9,True
Charge every.,Christina Johnson,978-1-4022-3707-2,False
Raise open short exist.,Brian Peterson,978-1-83619-746-1,True
Expect there.,Sean Ross,978-1-64213-771-2,False
Including and.,Steven Smith,978-0-601-06821-0,False
None federal a.,Sean Wong,978-1-913803-16-2,False
Decade glass person.,Stacy Lindsey,978-0-8459-1454-0,False
Live include identify.,Amber Santiago,978-1-291-07677-6,True
Action message.,Jane Hernandez,978-1-55947-480-1,False
Listen mind everything need.,Angela Orr,978-1-132-90573-9,False
Class century.,Julia Strong,978-1-5267-6001-2,True
Source group skin.,Terry Kim,978-0-7588-5971-6,True
Special mission reason.,Troy Williams,978-0-9525655-0-5,True
Investment significant behavior.,Connie Walker,978-1-9998617-9-7,False
Animal region.,John Long,978-1-948923-75-0,False
Film general class.,Krista Jones,978-1-72428-894-3,True
Policy.,Jessica Burns,978-1-397-55869-5,False
Item however baby.,Stephanie Hansen,978-1-193-51934-0,False
South several contain especially.,John Parrish,978-0-10-831934-1,True
Fight maintain.,Meagan Boyle,978-1-5272-7490-7,False
Win attack charge.,Ernest Schneider,978-1-243-28104-3,True
Manager probably start.,Stephanie Anderson,978-1-62377-052-5,False
General follow.,Chad Robbins,978-0-312-04016-1,False
Behavior plan.,Jennifer Ray,978-0-8412-4158-9,False
Control citizen could.,Juan Martinez,978-0-935264-56-2,True
Amount sing someone yourself.,Elizabeth Garrett,978-1-5207-7392-6,True
Issue against task.,Heather Flores,978-0-305-37403-7,True
Under ask across per.,Katelyn Rich,978-1-260-11794-3,False
Charge action level.,Cory Richards,978-0-558-53627-5,False
Change off perform.,Caroline Bryant,978-0-8497-5489-0,True
Pick hard structure.,Jermaine Shea,978-0-511-74545-4,True
Might guess woman hold.,Matthew Glenn,978-0-926241-70-1,False
Ahead media kind.,Joshua Hill,978-1-84903-212-4,False
Much avoid only.,Max Long,978-0-7645-8709-2,False
Color begin available.,Michael Holmes,978-0-935282-03-0,True
Group business.,Tammy Miles,978-1-116-87422-8,True
Concern.,Christina Montes,978-1-68930-859-5,False
Coach to.,Jack Willis,978-1-5035-6467-1,False
Natural consumer seat.,Hannah Church,978-0-7208-7977-3,True
Other rather artist.,Kim Wilkinson,978-0-01-371366-1,False
Explain guy begin.,Natasha Dixon,978-0-948431-86-9,False
Institution tax.,Autumn Holt,978-0-85220-361-3,True
Recent artist would.,Tiffany Elliott,978-0-7418-9113-6,False
Partner.,Stacy Jenkins,978-1-04-798840-7,False
Subject outside.,Larry Gamble,978-1-183-07319-7,True
Third.,Troy Stevens,978-0-938807-93-3,True
Practice performance should.,Beth Kelley,978-1-59550-974-1,False
Sing way similar.,Alice Lane,978-0-316-71971-1,False
Put let medical.,Douglas Perez,978-1-5071-5987-3,True
Into game quality.,Jennifer Herrera,978-1-345-39348-4,True
Important must.,Luis Douglas,978-0-410-88023-2,False
Daughter continue which.,Dawn Jones,978-1-198-21125-6,False
Person along expect.,Scott Osborn,978-0-15-690724-8,True
Son.,Robert Mcclure,978-1-78524-178-9,False
Who how although.,Elizabeth Bryant MD,978-0-9952485-3-3,True
Approach you.,Jessica Mosley,978-0-7528-5599-8,True
Behind amount.,Monica Arnold,978-0-695-02933-3,False
Help out.,Jason Kaiser,978-1-248-76837-2,False
Start Democrat relationship.,Nicholas Webb,978-1-02-546402-2,True
Fact glass low.,Danielle Watkins,978-0-350-25450-6,False
Option dream hard.,Christopher Ellis,978-1-70483-304-0,True
Attorney picture add.,Alyssa Marshall MD,978-0-549-68532-6,True
Call sport.,Richard Sloan,978-1-969399-48-0,False
Relate suffer interview support.,James Meyer DDS,978-1-62314-175-2,False
Little instead mention.,Levi Grant,978-0-16-160820-8,True
Blue lose piece.,Christopher Davis PhD,978-0-13-576147-2,True
Her several likely.,Deborah Curtis,978-0-8409-8827-0,False
Special answer.,Lucas Fernandez,978-1-220-64732-9,True
North story also wide.,Margaret Lewis,978-1-77082-404-1,False
College increase.,Randy Sanchez,978-0-424-39847-1,True
Anything city toward.,Darrell Wilson,978-0-222-93031-6,True
Although machine.,Aaron Little,978-0-583-03203-2,True
Research cost fish debate.,Jeffery Rogers,978-1-08-502387-0,True
Truth child one.,John Newman,978-1-9754-4829-5,False
Writer drug.,Matthew Sloan,978-0-7700-1325-7,False
Responsibility sister.,Lindsey Clarke,978-1-77587-508-6,False
Someone.,Sandra Brady,978-0-00-640694-5,False
More beat store.,Jacob Henderson,978-1-4114-1026-8,True
House social son.,Adriana Wright,978-0-06-285881-8,True
Wear create especially.,Nathaniel Patterson,978-1-4238-8420-0,False
Speech wide.,Richard Pineda,978-0-417-57890-3,True
Live such PM.,Paul Dunn,978-0-9635414-3-7,False
Discuss.,Sarah Parks,978-1-873685-78-5,False
Through hold on also.,John Abbott,978-1-374-68202-3,True
While suffer issue.,Ashley York,978-1-62770-344-4,False
Culture wife important.,Carolyn Whitney,978-1-104-85765-3,False
Test per soon.,Karen Welch,978-0-7177-1938-9,False
Item hundred bed.,Kristin White,978-0-303-33901-4,True
Per vote product.,Samuel Allen,978-0-608-17293-4,False
Song sell.,Christopher Moreno,978-0-8433-5930-5,True
Learn sit lead.,Alexis Martinez,978-1-62157-751-5,True
Reveal in.,Chad Jennings,978-0-7412-0945-0,True
Black house indicate.,Sheri Garrett,978-1-395-04443-5,True
Republican home.,Tammy Vincent,978-1-353-83393-4,True
Whom together decide market.,Tammy Rosario,978-1-937750-40-4,False
Present guess investment.,Nathan Ellis,978-0-586-85127-2,True
Surface wife physical.,Stephen Christian,978-0-530-46448-0,True
Bed miss.,Kimberly Hayes,978-1-349-61522-3,False
Order effort behind.,Derrick Rodriguez,978-1-159-46228-4,False
Determine month worker.,Margaret Lee,978-1-5451-6185-2,False
Seat wonder.,Michael Wu,978-0-8286-3004-7,True
Fear consider table.,Emma Castillo,978-0-319-32867-5,False
Single especially language will.,Gregory Mcintosh,978-0-402-85784-6,True
Debate term.,Erin Gonzalez,978-0-938811-92-3,False
Personal catch.,Rita Huffman,978-0-8102-7529-4,True
State campaign.,Kyle Murphy,978-0-16-895101-7,True
Four process western.,Stephen Patterson,978-1-62435-569-1,False
Art parent cup community.,Sharon Jones,978-1-79442-331-2,True
Activity series occur.,Lisa Jenkins,978-0-694-07464-8,True
Large.,Roger Larsen,978-1-5348-4208-3,True
I today.,Ashley Williams,978-0-417-69896-0,False
Game class young will.,Deanna Johnson,978-1-243-56702-4,False
Light although else.,Terri Webb,978-0-346-30958-6,True
Program.,Diane Robertson,978-1-149-94615-2,False
Art feel.,Regina Morrow,978-1-397-40143-4,False
Drug together visit.,Leslie Hamilton,978-0-17-829858-4,False
Civil late most.,Jennifer Graham,978-1-197-47350-1,True
Many know.,Mary Bautista,978-1-936338-20-7,True
Home option any prevent.,Adrian Harris,978-1-4532-1219-6,True
Forward fly.,Ryan Murphy,978-0-8260-6979-5,True
Thank would.,Phillip Armstrong,978-1-374-78082-8,False
Put them page.,Debra Short,978-0-421-60689-0,False
Expert increase four.,Heidi Robinson,978-0-408-31580-7,False
Expect response.,Zachary Taylor,978-1-4978-6149-7,False
Consumer analysis certainly.,Gary Christensen,978-1-59878-268-4,True
Difference fast.,Rita Velez,978-1-66037-726-8,True
Other international officer.,Alicia Marsh,978-1-373-18560-0,False
All deal.,Pamela Thomas,978-1-56837-426-0,False
Debate middle different.,Michael Smith,978-1-5445-6984-0,False
None paper dog.,Tabitha Pierce,978-1-9869-2420-7,True
Even.,Craig Wilson,978-0-333-93554-5,True
Level design.,Stephanie Richmond,978-0-87360-924-1,True
May bank technology if.,Rebekah Foster,978-0-568-32435-0,True
Second allow raise.,Christopher Strong,978-0-257-48369-6,False
Same stand.,Troy Miller,978-1-74980-382-4,False
Garden.,Rebecca Jackson,978-0-04-923888-6,False
Pattern teach.,Kyle Carney,978-1-9739-4570-3,True
Begin eye.,Randy Thomas,978-1-241-10247-0,True
East although.,Kristine Mcdowell,978-0-10-337803-9,False
Identify nice.,Jeffrey Jackson,978-0-583-88498-3,False
Clear view.,Michelle Navarro,978-1-76786-043-4,False
Fine piece soon.,Alexis Sandoval,978-1-74636-797-8,False
Dark forget.,Amber Brown,978-0-8349-1570-1,False
Sport why low.,Shirley Trevino,978-0-666-31626-4,False
Morning say these.,Lori Johnson,978-0-308-26866-1,True
Security perhaps.,Christopher Erickson DDS,978-1-08-613353-0,False
Region.,Micheal Hahn,978-1-963134-78-0,False
Its present end.,Bryan Morton,978-1-4472-3862-1,True
Something east wall.,Jason Jackson,978-0-9602114-4-9,True
Similar exactly parent.,Elizabeth Davila DVM,978-0-288-41072-2,False
Performance city purpose.,Shane Smith,978-1-199-52292-4,False
Growth participant magazine.,Alexander Barker,978-1-85807-372-9,True
Back provide free.,Joseph Anthony,978-1-4187-4061-0,False
Million sport technology.,Vanessa Harrison,978-0-377-86103-9,False
Through.,Anthony Baker,978-0-342-66185-5,False
Serious hot.,Samantha Lewis DVM,978-0-312-82591-1,False
Room these.,Bradley Taylor,978-1-67629-042-1,True
Show.,Frank Spencer,978-1-58974-572-8,False
Board save.,Linda Collins,978-1-4718-8259-3,False
Hear keep ever.,Michael Jackson,978-0-04-235936-6,True
Nor employee wife.,Ernest Howell,978-0-8307-8794-4,False
Upon billion opportunity.,Tammy Mitchell,978-1-58774-363-4,False
Standard effect.,Johnny Fuller,978-1-4015-9722-1,False
Velpari,Venkatesan,12345,False
